ID,Name,Marks,Salary
1,A,80.0,1000.5
2,B,90.0,1200.0
3,C,78.11111111111111,1100.5
4,D,85.0,1300.0
5,E,60.0,900.0
6,F,75.0,1127.888888888889
7,G,88.0,1250.0
8,H,92.0,1400.0
9,I,55.0,950.0
10,J,78.0,1050.0
